"seq","stage","check","severity","result","value","detail","time"
1,"Stage 0 — Setup","Run stamped","info","INFO","048ef601",NA,2026-08-15 11:02:00.480222
2,"Stage 0 — Setup","Cohort entry","info","INFO","grade 9 in 2022",NA,2026-08-15 11:02:00.549154
3,"Stage 0 — Setup","Years required","info","INFO","4",NA,2026-08-15 11:02:00.55238
4,"Stage 0 — Setup","Duration rule","info","INFO","all_years, >= 200 days/yr",NA,2026-08-15 11:02:00.555034
5,"Stage 0 — Setup","Progression rule","info","INFO","all_years",NA,2026-08-15 11:02:00.557464
6,"Stage 0 — Setup","Days enrolled rule","info","INFO","sum_of_spells",NA,2026-08-15 11:02:00.559906
7,"Stage 0 — Setup","Negative days treatment","info","INFO","floor_zero",NA,2026-08-15 11:02:00.562455
8,"Stage 0 — Setup","Schools in scope","info","INFO","13",NA,2026-08-15 11:02:00.565024
9,"Stage 1 — Load sources","Source loaded: transcript_raw","info","INFO","1,501,192 rows x 9 cols","from cache, written 2026-08-15 10:11",2026-08-15 11:02:01.853434
10,"Stage 1 — Load sources","Source loaded: stu_demographics","info","INFO","119,308 rows x 11 cols","from cache, written 2026-08-15 10:11",2026-08-15 11:02:01.953
11,"Stage 1 — Load sources","Source loaded: course_coding","info","INFO","4,702 rows x 22 cols","from cache, written 2026-08-15 10:25",2026-08-15 11:02:01.972727
12,"Stage 1 — Load sources","Transcript has expected columns","stop","PASS",NA,"Missing: ",2026-08-15 11:02:02.05789
13,"Stage 1 — Load sources","Demographics has expected columns","stop","PASS",NA,"Missing: ",2026-08-15 11:02:02.061281
14,"Stage 1 — Load sources","Transcript rows","info","INFO","1,501,192",NA,2026-08-15 11:02:02.064145
15,"Stage 1 — Load sources","Demographics rows","info","INFO","119,308",NA,2026-08-15 11:02:02.067211
16,"Stage 2 — Student cleaning","Rename produced all standard columns","stop","PASS","11 columns",NA,2026-08-15 11:02:02.116217
17,"Stage 2 — Student cleaning","Student id and year always present","stop","PASS",NA,NA,2026-08-15 11:02:02.130459
18,"Stage 2 — Student cleaning","Distinct students in raw demographics","info","INFO","51,238",NA,2026-08-15 11:02:02.135808
19,"Stage 2 — Student cleaning","Dates parse: enter date","stop","PASS","119,308 parsed",NA,2026-08-15 11:02:02.911964
20,"Stage 2 — Student cleaning","Dates parse: exit date","stop","PASS","29,192 parsed",NA,2026-08-15 11:02:03.030449
21,"Stage 2 — Student cleaning","Dates missing: exit date","info","INFO","75.5% (90,116 rows)",NA,2026-08-15 11:02:03.032779
22,"Stage 2 — Student cleaning","Dates filled from fallback: exit date -> year end","info","INFO","90,116 (75.5%)",NA,2026-08-15 11:02:03.820829
23,"Stage 2 — Student cleaning","Both dates present after fill","stop","PASS",NA,NA,2026-08-15 11:02:03.833624
24,"Stage 2 — Student cleaning","Exit date is not before enter date","stop","PASS",NA,NA,2026-08-15 11:02:03.836141
25,"Stage 2 — Student cleaning","Spells clamped at the start of the window","info","INFO","23,408",NA,2026-08-15 11:02:06.095726
26,"Stage 2 — Student cleaning","Spells clamped at the end of the window","info","INFO","0",NA,2026-08-15 11:02:06.104616
27,"Stage 2 — Student cleaning","Spells entirely outside the school year","info","INFO","188",NA,2026-08-15 11:02:06.148695
28,"Stage 2 — Student cleaning","Negative-duration spells floored to zero","info","INFO","188",NA,2026-08-15 11:02:06.2851
29,"Stage 2 — Student cleaning","Out-of-range: M_days_enrolled","info","INFO","0 row(s), 0%","allowed [0, 366]",2026-08-15 11:02:06.321154
30,"Stage 2 — Student cleaning","Out-of-range within tolerance: M_days_enrolled","stop","PASS","0%","tolerance is 1%",2026-08-15 11:02:06.323692
31,"Stage 2 — Student cleaning","Days enrolled is never NA","stop","PASS",NA,NA,2026-08-15 11:02:06.334854
32,"Stage 2 — Student cleaning","Credit recovery site rows","info","INFO","8",NA,2026-08-15 11:02:06.868529
33,"Stage 2 — Student cleaning","Location crosswalk built","info","INFO","39 code(s), 53 cleaned name(s)",NA,2026-08-15 11:02:06.917541
34,"Stage 2 — Student cleaning","Location codes mapping to more than one cleaned name","info","INFO","9",NA,2026-08-15 11:02:06.924539
35,"Stage 2 — Student cleaning","Every school in schools_to_include exists in the data","stop","PASS","13 of 13 resolved",NA,2026-08-15 11:02:06.943673
36,"Stage 2 — Student cleaning","Location names normalised to canonical","info","INFO","1,104 row(s) renamed","39 code(s) each given one display name",2026-08-15 11:02:07.130067
37,"Stage 2 — Student cleaning","Credit recovery rows resolve to a parent school","stop","PASS","8 row(s)",NA,2026-08-15 11:02:07.152662
38,"Stage 2 — Student cleaning","Rows at in-scope schools","info","INFO","80,205 of 119,308 (67.2%)",NA,2026-08-15 11:02:07.155015
39,"Stage 2 — Student cleaning","School presence by year","info","INFO","13 in-scope location(s)",NA,2026-08-15 11:02:07.44984
40,"Stage 2 — Student cleaning","Declared school-year absences","info","INFO","4",NA,2026-08-15 11:02:07.465504
41,"Stage 2 — Student cleaning","No undeclared school-year gaps","stop","PASS","13 school(s) x 4 year(s)",NA,2026-08-15 11:02:07.469828
42,"Stage 2 — Student cleaning","Declared location relationships","info","INFO","1",NA,2026-08-15 11:02:07.484431
43,"Stage 2 — Student cleaning","Related locations that should stay separate have distinct codes","stop","PASS",NA,NA,2026-08-15 11:02:07.487403
44,"Stage 2 — Student cleaning","Value map covers all codes: D_stu_race","stop","PASS","6 distinct code(s)",NA,2026-08-15 11:02:07.533947
45,"Stage 2 — Student cleaning","C_stu_ell_flag is 0/1","stop","PASS","2 distinct value(s)",NA,2026-08-15 11:02:07.544491
46,"Stage 2 — Student cleaning","C_stu_swd_flag is 0/1","stop","PASS","2 distinct value(s)",NA,2026-08-15 11:02:07.55605
47,"Stage 2 — Student cleaning","C_stu_poverty_flag is 0/1","stop","PASS","2 distinct value(s)",NA,2026-08-15 11:02:07.559146
48,"Stage 2 — Student cleaning","Scope — drop null D_stu_id","info","INFO","0 row(s) dropped",NA,2026-08-15 11:02:07.676899
49,"Stage 2 — Student cleaning","Scope — drop null D_year","info","INFO","0 row(s) dropped",NA,2026-08-15 11:02:07.732708
50,"Stage 2 — Student cleaning","Scope — drop null D_location_id","info","INFO","0 row(s) dropped",NA,2026-08-15 11:02:07.779008
51,"Stage 2 — Student cleaning","Scope — filter D_stu_grade_level_demo >= 9","info","INFO","0 row(s) dropped",NA,2026-08-15 11:02:07.789314
52,"Stage 2 — Student cleaning","Scope — total retained","info","INFO","119,308 of 119,308 rows (100%)",NA,2026-08-15 11:02:07.791059
53,"Stage 2 — Student cleaning","Scope — distinct ids retained","info","INFO","51,238 of 51,238",NA,2026-08-15 11:02:07.793915
54,"Stage 2 — Student cleaning","One row per student / year / school / entry date","stop","PASS","119308 rows",NA,2026-08-15 11:02:08.555076
55,"Stage 2 — Student cleaning","Repeat spells at the same school","info","INFO","697",NA,2026-08-15 11:02:09.455299
56,"Stage 2 — Student cleaning","No same-school spells overlap in time","stop","PASS",NA,"sum_of_spells would double-count if any overlapped",2026-08-15 11:02:09.457233
57,"Stage 2 — Student cleaning","Stage 2 output rows","info","INFO","119,308",NA,2026-08-15 11:02:09.459424
58,"Stage 3 — Transcript cleaning","Rename produced all standard columns","stop","PASS","10 columns",NA,2026-08-15 11:02:09.527049
59,"Stage 3 — Transcript cleaning","Every school year spans exactly one year","stop","PASS",NA,NA,2026-08-15 11:02:09.535968
60,"Stage 3 — Transcript cleaning","Transcript years match demographics years","stop","PASS","2022, 2023, 2024, 2025","demographics: 2022, 2023, 2024, 2025",2026-08-15 11:02:09.568076
61,"Stage 3 — Transcript cleaning","Core transcript keys present","stop","FAIL",NA,"1 row(s) with NA",2026-08-15 11:02:09.598913
