"value","n_rows"
100.01,77
100.02,84
100.03,71
100.04,102
100.05,84
100.06,72
100.07,67
100.08,86
100.09,63
100.1,76
100.11,53
100.12,85
100.13,66
100.14,83
100.15,76
100.16,82
100.17,64
100.18,91
100.19,62
100.2,277
100.21,61
100.22,70
100.23,59
100.24,94
100.25,84
100.26,77
100.27,72
100.28,79
100.29,56
100.3,88
100.31,74
100.32,75
100.33,69
100.34,87
100.35,59
100.36,86
100.37,77
100.38,70
100.39,69
100.4,284
100.41,68
100.42,73
100.43,57
100.432,1
100.44,81
100.45,94
100.46,66
100.47,58
100.48,71
100.49,66
100.5,210
100.51,57
100.52,70
100.53,66
100.54,69
100.55,54
100.56,81
100.57,74
100.58,72
100.59,42
100.6,269
100.61,81
100.62,113
100.63,66
100.64,74
100.65,66
100.66,100
100.67,67
100.68,82
100.684,1
100.69,57
100.7,88
100.71,54
100.72,91
100.73,59
100.74,73
100.75,63
100.76,83
100.77,54
100.78,72
100.79,53
100.8,258
100.81,64
100.82,53
100.83,71
100.84,68
100.85,61
100.86,67
100.87,61
100.88,75
100.89,41
100.9,93
100.91,55
100.92,70
100.93,62
100.94,52
100.95,62
100.96,79
100.97,61
100.98,69
100.99,53
101,3929
101.01,41
101.02,58
101.03,52
101.04,66
101.05,71
101.06,84
101.07,59
101.08,79
101.09,49
101.1,74
101.11,54
101.12,62
101.13,50
101.14,79
101.15,65
101.16,65
101.17,53
101.18,80
101.19,58
101.2,296
101.21,52
101.22,60
101.23,51
101.24,61
101.25,82
101.26,77
101.27,67
101.28,76
101.29,38
101.3,69
101.31,64
101.32,76
101.33,59
101.34,66
101.35,67
101.36,78
101.37,67
101.38,69
101.39,52
101.4,245
101.41,58
101.42,65
101.43,41
101.44,66
101.45,69
101.46,62
101.47,55
101.48,67
101.49,54
101.5,211
101.51,44
101.52,61
101.53,57
101.54,70
101.55,65
101.56,70
101.57,56
101.58,61
101.59,58
101.6,246
101.61,42
101.62,68
101.63,56
101.64,60
101.65,64
101.66,69
101.67,50
101.68,62
101.69,53
101.7,76
101.71,40
101.72,80
101.73,55
101.74,62
101.75,77
101.76,65
101.77,37
101.78,54
101.79,36
101.8,262
101.81,49
101.82,53
101.83,56
101.84,77
101.85,64
101.86,58
101.87,62
101.88,59
101.89,52
101.9,72
101.91,43
101.92,65
101.93,52
101.94,52
101.95,65
101.96,69
101.97,54
101.98,55
101.99,32
102,2127
102.01,54
102.02,54
102.03,31
102.04,60
102.05,54
102.06,56
102.07,37
102.08,64
102.09,42
102.1,85
102.11,38
102.12,65
102.13,47
102.14,52
102.15,51
102.16,57
102.17,44
102.18,66
102.19,40
102.2,208
102.21,45
102.22,59
102.23,37
102.24,51
102.25,76
102.26,61
102.27,43
102.28,67
102.29,42
102.3,60
102.31,30
102.32,61
102.33,55
102.34,53
102.35,46
102.36,70
102.37,67
102.38,46
102.39,41
102.4,382
102.41,32
102.42,52
102.43,41
102.44,60
102.45,56
102.46,50
102.47,32
102.48,51
102.49,28
102.5,198
102.51,39
102.52,48
102.53,31
102.54,49
102.55,64
102.56,52
102.57,57
102.58,33
102.59,38
102.6,226
102.61,38
102.62,48
102.63,35
102.64,47
102.65,51
102.66,66
102.67,36
102.68,60
102.69,38
102.7,55
102.71,40
102.72,67
102.73,27
102.74,56
102.75,77
102.76,49
102.77,51
102.78,42
102.79,48
102.8,125
102.81,32
102.82,45
102.83,40
102.84,48
102.85,45
102.86,49
102.87,45
102.88,42
102.89,53
102.9,67
102.91,44
102.92,53
102.93,33
102.94,41
102.95,42
102.951,1
102.96,43
102.97,39
102.98,39
102.99,19
103,1999
103.01,19
103.02,33
103.03,25
103.04,46
103.05,31
103.06,36
103.07,25
103.08,37
103.09,22
103.1,53
103.11,16
103.12,36
103.13,25
103.14,37
103.15,33
103.16,51
103.17,28
103.18,29
103.19,19
103.2,343
103.21,35
103.22,39
103.23,25
103.24,28
103.25,50
103.26,21
103.27,19
103.28,30
103.29,22
103.3,30
103.31,30
103.32,30
103.33,30
103.34,30
103.35,27
103.36,28
103.37,33
103.38,24
103.39,17
103.4,89
103.41,25
103.42,37
103.43,26
103.44,31
103.45,19
103.46,25
103.47,13
103.48,22
103.49,23
103.5,105
103.51,17
103.52,20
103.53,34
103.54,31
103.55,22
103.56,27
103.57,33
103.58,27
103.59,27
103.6,88
103.61,29
103.62,24
103.63,14
103.64,28
103.65,29
103.66,20
103.67,13
103.68,29
103.69,22
103.7,31
103.71,20
103.72,23
103.73,26
103.74,19
103.75,47
103.76,27
103.77,28
103.78,14
103.79,21
103.8,89
103.81,18
103.82,28
103.83,17
103.84,31
103.85,21
103.86,22
103.87,33
103.88,22
103.89,21
103.9,25
103.91,15
103.92,26
103.93,29
103.94,30
103.95,23
103.96,18
103.97,23
103.98,17
103.99,9
104,1526
104.01,8
104.02,11
104.03,7
104.04,11
104.05,10
104.06,15
104.07,9
104.08,13
104.09,12
104.1,32
104.11,6
104.12,14
104.13,8
104.14,12
104.15,10
104.16,6
104.17,13
104.18,11
104.19,8
104.2,53
104.21,13
104.22,18
104.23,9
104.24,4
104.25,33
104.26,8
104.27,10
104.28,19
104.29,7
104.3,7
104.31,8
104.32,11
104.33,8
104.34,11
104.35,13
104.36,8
104.37,20
104.38,13
104.39,10
104.4,32
104.41,7
104.42,12
104.43,17
104.44,19
104.45,6
104.46,8
104.47,11
104.48,6
104.49,8
104.5,33
104.51,5
104.52,11
104.53,5
104.54,11
104.55,24
104.56,8
104.57,4
104.58,11
104.59,8
104.6,69
104.61,8
104.62,12
104.63,5
104.64,17
104.65,4
104.66,20
104.67,8
104.68,20
104.69,9
104.7,9
104.71,8
104.72,14
104.73,6
104.74,15
104.75,18
104.76,6
104.77,5
104.78,9
104.79,5
104.8,13
104.81,3
104.82,5
104.83,10
104.84,7
104.85,13
104.86,9
104.87,5
104.88,8
104.89,6
104.9,2
104.91,6
104.92,7
104.93,5
104.94,4
104.95,9
104.96,8
104.97,6
104.98,1
104.99,4
105,1005
105.02,2
105.04,1
105.09,2
105.12,1
105.13,1
105.31,1
105.33,1
105.34,1
105.35,1
105.48,1
107,1
109.66,1
113.6,1
115.8,1
121.06,1
122.8,1
148.29,1
199,1
379.2,1
552,1
600,1
602,1
606,1
646,1
701,1
772,1
887,1
981,1
